user_name,Repo_name,Repo_URL,Repo_stars
mrdoob,three.js,https://github.com/mrdoob/three.js,85600
libgdx,libgdx,https://github.com/libgdx/libgdx,85600
pmndrs,react-three-fiber,https://github.com/pmndrs/react-three-fiber,85600
BabylonJS,Babylon.js,https://github.com/BabylonJS/Babylon.js,85600
ssloy,tinyrenderer,https://github.com/ssloy/tinyrenderer,85600
aframevr,aframe,https://github.com/aframevr/aframe,85600
lettier,3d-game-shaders-for-beginners,https://github.com/lettier/3d-game-shaders-for-beginners,85600
FreeCAD,FreeCAD,https://github.com/FreeCAD/FreeCAD,85600
metafizzy,zdog,https://github.com/metafizzy/zdog,85600
CesiumGS,cesium,https://github.com/CesiumGS/cesium,85600
timzhang642,3D-Machine-Learning,https://github.com/timzhang642/3D-Machine-Learning,85600
isl-org,Open3D,https://github.com/isl-org/Open3D,85600
a1studmuffin,SpaceshipGenerator,https://github.com/a1studmuffin/SpaceshipGenerator,85600
blender,blender,https://github.com/blender/blender,85600
domlysz,BlenderGIS,https://github.com/domlysz/BlenderGIS,85600
openscad,openscad,https://github.com/openscad/openscad,85600
spritejs,spritejs,https://github.com/spritejs/spritejs,85600
google,model-viewer,https://github.com/google/model-viewer,85600
jagenjo,webglstudio.js,https://github.com/jagenjo/webglstudio.js,85600
tensorspace-team,tensorspace,https://github.com/tensorspace-team/tensorspace,85600
