user_name,Repo_name,Repo_URL,Repo_stars
ljianshu,Blog,https://github.com/ljianshu/Blog,85600
metafizzy,infinite-scroll,https://github.com/metafizzy/infinite-scroll,85600
developit,unfetch,https://github.com/developit/unfetch,85600
jquery-form,form,https://github.com/jquery-form/form,85600
olifolkerd,tabulator,https://github.com/olifolkerd/tabulator,85600
Studio-42,elFinder,https://github.com/Studio-42/elFinder,85600
ded,reqwest,https://github.com/ded/reqwest,85600
dwyl,learn-to-send-email-via-google-script-html-no-server,https://github.com/dwyl/learn-to-send-email-via-google-script-html-no-server,85600
elbywan,wretch,https://github.com/elbywan/wretch,85600
LeaVerou,bliss,https://github.com/LeaVerou/bliss,85600
wendux,ajax-hook,https://github.com/wendux/ajax-hook,85600
noelboss,featherlight,https://github.com/noelboss/featherlight,85600
craftpip,jquery-confirm,https://github.com/craftpip/jquery-confirm,85600
ptaoussanis,sente,https://github.com/ptaoussanis/sente,85600
nette,tracy,https://github.com/nette/tracy,85600
joaomilho,Enterprise,https://github.com/joaomilho/Enterprise,85600
loadingio,css-spinner,https://github.com/loadingio/css-spinner,85600
u014427391,jeeplatform,https://github.com/u014427391/jeeplatform,85600
MoOx,pjax,https://github.com/MoOx/pjax,85600
codingforentrepreneurs,eCommerce,https://github.com/codingforentrepreneurs/eCommerce,85600
