user_name,Repo_name,Repo_URL,Repo_stars
jwasham,coding-interview-university,https://github.com/jwasham/coding-interview-university,85600
CyC2018,CS-Notes,https://github.com/CyC2018/CS-Notes,85600
trekhleb,javascript-algorithms,https://github.com/trekhleb/javascript-algorithms,85600
TheAlgorithms,Python,https://github.com/TheAlgorithms/Python,85600
yangshun,tech-interview-handbook,https://github.com/yangshun/tech-interview-handbook,85600
kdn251,interviews,https://github.com/kdn251/interviews,85600
azl397985856,leetcode,https://github.com/azl397985856/leetcode,85600
TheAlgorithms,Java,https://github.com/TheAlgorithms/Java,85600
algorithm-visualizer,algorithm-visualizer,https://github.com/algorithm-visualizer/algorithm-visualizer,85600
youngyangyang04,leetcode-master,https://github.com/youngyangyang04/leetcode-master,85600
crossoverJie,JCSprout,https://github.com/crossoverJie/JCSprout,85600
halfrost,LeetCode-Go,https://github.com/halfrost/LeetCode-Go,85600
donnemartin,interactive-coding-challenges,https://github.com/donnemartin/interactive-coding-challenges,85600
huihut,interview,https://github.com/huihut/interview,85600
TheAlgorithms,JavaScript,https://github.com/TheAlgorithms/JavaScript,85600
keon,algorithms,https://github.com/keon/algorithms,85600
TheAlgorithms,C-Plus-Plus,https://github.com/TheAlgorithms/C-Plus-Plus,85600
trekhleb,homemade-machine-learning,https://github.com/trekhleb/homemade-machine-learning,85600
mxgmn,WaveFunctionCollapse,https://github.com/mxgmn/WaveFunctionCollapse,85600
AtsushiSakai,PythonRobotics,https://github.com/AtsushiSakai/PythonRobotics,85600
