user_name,Repo_name,Repo_URL,Repo_stars
localstack,localstack,https://github.com/localstack/localstack,85600
serverless,serverless,https://github.com/serverless/serverless,85600
bregman-arie,devops-exercises,https://github.com/bregman-arie/devops-exercises,85600
donnemartin,data-science-ipython-notebooks,https://github.com/donnemartin/data-science-ipython-notebooks,85600
pulumi,pulumi,https://github.com/pulumi/pulumi,85600
ramitsurana,awesome-kubernetes,https://github.com/ramitsurana/awesome-kubernetes,85600
kubernetes-sigs,kubespray,https://github.com/kubernetes-sigs/kubespray,85600
aws,aws-cli,https://github.com/aws/aws-cli,85600
mozilla,sops,https://github.com/mozilla/sops,85600
donnemartin,awesome-aws,https://github.com/donnemartin/awesome-aws,85600
apereo,cas,https://github.com/apereo/cas,85600
aws,aws-cdk,https://github.com/aws/aws-cdk,85600
caprover,caprover,https://github.com/caprover/caprover,85600
aws,chalice,https://github.com/aws/chalice,85600
aws-amplify,amplify-js,https://github.com/aws-amplify/amplify-js,85600
serverless-stack,sst,https://github.com/serverless-stack/sst,85600
aws,serverless-application-model,https://github.com/aws/serverless-application-model,85600
angristan,openvpn-install,https://github.com/angristan/openvpn-install,85600
GoogleCloudPlatform,terraformer,https://github.com/GoogleCloudPlatform/terraformer,85600
apex,up,https://github.com/apex/up,85600
