user_name,Repo_name,Repo_URL,Repo_stars
amphp,amp,https://github.com/amphp/amp,85600
danog,MadelineProto,https://github.com/danog/MadelineProto,85600
amphp,http-server,https://github.com/amphp/http-server,85600
unreal4u,telegram-api,https://github.com/unreal4u/telegram-api,732
amphp,http-client,https://github.com/amphp/http-client,626
amphp,parallel,https://github.com/amphp/parallel,601
php-service-bus,service-bus,https://github.com/php-service-bus/service-bus,331
amphp,byte-stream,https://github.com/amphp/byte-stream,303
amphp,mysql,https://github.com/amphp/mysql,286
amphp,parallel-functions,https://github.com/amphp/parallel-functions,233
amphp,process,https://github.com/amphp/process,189
amphp,socket,https://github.com/amphp/socket,168
amphp,redis,https://github.com/amphp/redis,132
amphp,dns,https://github.com/amphp/dns,123
amphp,sync,https://github.com/amphp/sync,117
kelunik,acme,https://github.com/kelunik/acme,115
amphp,websocket-client,https://github.com/amphp/websocket-client,108
PeeHaa,mailgrab,https://github.com/PeeHaa/mailgrab,91
amphp,websocket-server,https://github.com/amphp/websocket-server,84
amphp,serialization,https://github.com/amphp/serialization,82
