user_name,Repo_name,Repo_URL,Repo_stars
flutter,flutter,https://github.com/flutter/flutter,85600
justjavac,free-programming-books-zh_CN,https://github.com/justjavac/free-programming-books-zh_CN,85600
Genymobile,scrcpy,https://github.com/Genymobile/scrcpy,85600
Hack-with-Github,Awesome-Hacking,https://github.com/Hack-with-Github/Awesome-Hacking,85600
google,material-design-icons,https://github.com/google/material-design-icons,85600
wasabeef,awesome-android-ui,https://github.com/wasabeef/awesome-android-ui,85600
Solido,awesome-flutter,https://github.com/Solido/awesome-flutter,85600
square,okhttp,https://github.com/square/okhttp,85600
android,architecture-samples,https://github.com/android/architecture-samples,85600
square,retrofit,https://github.com/square/retrofit,85600
dcloudio,uni-app,https://github.com/dcloudio/uni-app,85600
fastlane,fastlane,https://github.com/fastlane/fastlane,85600
PhilJay,MPAndroidChart,https://github.com/PhilJay/MPAndroidChart,85600
airbnb,lottie-android,https://github.com/airbnb/lottie-android,85600
bumptech,glide,https://github.com/bumptech/glide,85600
shadowsocks,shadowsocks-android,https://github.com/shadowsocks/shadowsocks-android,85600
laurent22,joplin,https://github.com/laurent22/joplin,85600
skylot,jadx,https://github.com/skylot/jadx,85600
Blankj,AndroidUtilCode,https://github.com/Blankj/AndroidUtilCode,85600
xitu,gold-miner,https://github.com/xitu/gold-miner,85600
