user_name,Repo_name,Repo_URL,Repo_stars
justjavac,free-programming-books-zh_CN,https://github.com/justjavac/free-programming-books-zh_CN,85600
angular,angular,https://github.com/angular/angular,85600
storybookjs,storybook,https://github.com/storybookjs/storybook,85600
leonardomso,33-js-concepts,https://github.com/leonardomso/33-js-concepts,85600
ionic-team,ionic-framework,https://github.com/ionic-team/ionic-framework,85600
prettier,prettier,https://github.com/prettier/prettier,85600
SheetJS,sheetjs,https://github.com/SheetJS/sheetjs,85600
Asabeneh,30-Days-Of-JavaScript,https://github.com/Asabeneh/30-Days-Of-JavaScript,85600
angular,angular-cli,https://github.com/angular/angular-cli,85600
angular,components,https://github.com/angular/components,85600
NativeScript,NativeScript,https://github.com/NativeScript/NativeScript,85600
jhipster,generator-jhipster,https://github.com/jhipster/generator-jhipster,85600
goldbergyoni,javascript-testing-best-practices,https://github.com/goldbergyoni/javascript-testing-best-practices,85600
pubkey,rxdb,https://github.com/pubkey/rxdb,85600
handsontable,handsontable,https://github.com/handsontable/handsontable,85600
teambit,bit,https://github.com/teambit/bit,85600
sweetalert2,sweetalert2,https://github.com/sweetalert2/sweetalert2,85600
nrwl,nx,https://github.com/nrwl/nx,85600
linnovate,mean,https://github.com/linnovate/mean,85600
sudheerj,javascript-interview-questions,https://github.com/sudheerj/javascript-interview-questions,85600
