user_name,Repo_name,Repo_URL,Repo_stars
ansible,ansible,https://github.com/ansible/ansible,85600
bregman-arie,devops-exercises,https://github.com/bregman-arie/devops-exercises,85600
trailofbits,algo,https://github.com/trailofbits/algo,85600
StreisandEffect,streisand,https://github.com/StreisandEffect/streisand,85600
MichaelCade,90DaysOfDevOps,https://github.com/MichaelCade/90DaysOfDevOps,85600
kubernetes-sigs,kubespray,https://github.com/kubernetes-sigs/kubespray,85600
ansible,awx,https://github.com/ansible/awx,85600
easzlab,kubeasz,https://github.com/easzlab/kubeasz,85600
geerlingguy,ansible-for-devops,https://github.com/geerlingguy/ansible-for-devops,85600
khuedoan,homelab,https://github.com/khuedoan/homelab,85600
Tikam02,DevOps-Guide,https://github.com/Tikam02/DevOps-Guide,85600
ansible-semaphore,semaphore,https://github.com/ansible-semaphore/semaphore,85600
geerlingguy,mac-dev-playbook,https://github.com/geerlingguy/mac-dev-playbook,85600
rundeck,rundeck,https://github.com/rundeck/rundeck,85600
KubeOperator,KubeOperator,https://github.com/KubeOperator/KubeOperator,85600
clong,DetectionLab,https://github.com/clong/DetectionLab,85600
netbootxyz,netboot.xyz,https://github.com/netbootxyz/netboot.xyz,85600
ansible-community,molecule,https://github.com/ansible-community/molecule,85600
litmuschaos,litmus,https://github.com/litmuschaos/litmus,85600
opendevops-cn,opendevops,https://github.com/opendevops-cn/opendevops,85600
