user_name,Repo_name,Repo_URL,Repo_stars
public-apis,public-apis,https://github.com/public-apis/public-apis,85600
neovim,neovim,https://github.com/neovim/neovim,85600
tiangolo,fastapi,https://github.com/tiangolo/fastapi,85600
strapi,strapi,https://github.com/strapi/strapi,85600
hoppscotch,hoppscotch,https://github.com/hoppscotch/hoppscotch,85600
slatedocs,slate,https://github.com/slatedocs/slate,85600
meilisearch,meilisearch,https://github.com/meilisearch/meilisearch,85600
hasura,graphql-engine,https://github.com/hasura/graphql-engine,85600
ccxt,ccxt,https://github.com/ccxt/ccxt,85600
Binaryify,NeteaseCloudMusicApi,https://github.com/Binaryify/NeteaseCloudMusicApi,85600
YMFE,yapi,https://github.com/YMFE/yapi,85600
encode,django-rest-framework,https://github.com/encode/django-rest-framework,85600
httpie,httpie,https://github.com/httpie/httpie,85600
Kong,insomnia,https://github.com/Kong/insomnia,85600
littlecodersh,ItChat,https://github.com/littlecodersh/ItChat,85600
paularmstrong,normalizr,https://github.com/paularmstrong/normalizr,85600
FallibleInc,security-guide-for-developers,https://github.com/FallibleInc/security-guide-for-developers,85600
microsoft,api-guidelines,https://github.com/microsoft/api-guidelines,85600
pubkey,rxdb,https://github.com/pubkey/rxdb,85600
shieldfy,API-Security-Checklist,https://github.com/shieldfy/API-Security-Checklist,85600
