user_name,Repo_name,Repo_URL,Repo_stars
arendst,Tasmota,https://github.com/arendst/Tasmota,85600
MarlinFirmware,Marlin,https://github.com/MarlinFirmware/Marlin,85600
arduino,Arduino,https://github.com/arduino/Arduino,85600
rwaldron,johnny-five,https://github.com/rwaldron/johnny-five,85600
tinygo-org,tinygo,https://github.com/tinygo-org/tinygo,85600
SpacehuhnTech,esp8266_deauther,https://github.com/SpacehuhnTech/esp8266_deauther,85600
espressif,arduino-esp32,https://github.com/espressif/arduino-esp32,85600
hybridgroup,gobot,https://github.com/hybridgroup/gobot,85600
gurugio,lowlevelprogramming-university,https://github.com/gurugio/lowlevelprogramming-university,85600
platformio,platformio-core,https://github.com/platformio/platformio-core,85600
bblanchon,ArduinoJson,https://github.com/bblanchon/ArduinoJson,85600
tzapu,WiFiManager,https://github.com/tzapu/WiFiManager,85600
hybridgroup,cylon,https://github.com/hybridgroup/cylon,85600
Arduino-IRremote,Arduino-IRremote,https://github.com/Arduino-IRremote/Arduino-IRremote,85600
arduino,arduino-cli,https://github.com/arduino/arduino-cli,85600
blynkkk,blynk-library,https://github.com/blynkkk/blynk-library,85600
olikraus,u8g2,https://github.com/olikraus/u8g2,85600
NectarJS,nectarjs,https://github.com/NectarJS/nectarjs,85600
ClemensElflein,OpenMower,https://github.com/ClemensElflein/OpenMower,85600
Serial-Studio,Serial-Studio,https://github.com/Serial-Studio/Serial-Studio,85600
