user_name,Repo_name,Repo_URL,Repo_stars
dotnet,AspNetCore.Docs,https://github.com/dotnet/AspNetCore.Docs,85600
aspnetboilerplate,aspnetboilerplate,https://github.com/aspnetboilerplate/aspnetboilerplate,85600
bitwarden,server,https://github.com/bitwarden/server,85600
abpframework,abp,https://github.com/abpframework/abp,85600
nopSolutions,nopCommerce,https://github.com/nopSolutions/nopCommerce,85600
ElectronNET,Electron.NET,https://github.com/ElectronNET/Electron.NET,85600
thangchung,clean-code-dotnet,https://github.com/thangchung/clean-code-dotnet,85600
RicoSuter,NSwag,https://github.com/RicoSuter/NSwag,85600
smartstore,SmartStoreNET,https://github.com/smartstore/SmartStoreNET,85600
JimBobSquarePants,ImageProcessor,https://github.com/JimBobSquarePants/ImageProcessor,85600
dotnet,aspnet-api-versioning,https://github.com/dotnet/aspnet-api-versioning,85600
serenity-is,Serenity,https://github.com/serenity-is/Serenity,85600
loic-sharma,BaGet,https://github.com/loic-sharma/BaGet,85600
mjebrahimi,Awesome-Microservices-DotNet,https://github.com/mjebrahimi/Awesome-Microservices-DotNet,85600
TrilonIO,aspnetcore-angular-universal,https://github.com/TrilonIO/aspnetcore-angular-universal,85600
TrilonIO,aspnetcore-Vue-starter,https://github.com/TrilonIO/aspnetcore-Vue-starter,85600
MarimerLLC,csla,https://github.com/MarimerLLC/csla,85600
antonioCoco,SharPyShell,https://github.com/antonioCoco/SharPyShell,637
riganti,dotvvm,https://github.com/riganti/dotvvm,629
cornflourblue,aspnet-core-3-jwt-authentication-api,https://github.com/cornflourblue/aspnet-core-3-jwt-authentication-api,620
