user_name,Repo_name,Repo_URL,Repo_stars
atom,atom,https://github.com/atom/atom,85600
themerdev,themer,https://github.com/themerdev/themer,85600
miniflux,v2,https://github.com/miniflux/v2,85600
nteract,hydrogen,https://github.com/nteract/hydrogen,85600
shd101wyy,markdown-preview-enhanced,https://github.com/shd101wyy/markdown-preview-enhanced,85600
atom,teletype,https://github.com/atom/teletype,85600
mmcdole,gofeed,https://github.com/mmcdole/gofeed,85600
mehcode,awesome-atom,https://github.com/mehcode/awesome-atom,85600
joefitzgerald,go-plus,https://github.com/joefitzgerald/go-plus,85600
Glavin001,atom-beautify,https://github.com/Glavin001/atom-beautify,85600
kurtmckee,feedparser,https://github.com/kurtmckee/feedparser,85600
simplepie,simplepie,https://github.com/simplepie/simplepie,85600
ocaml,merlin,https://github.com/ocaml/merlin,85600
t9md,atom-vim-mode-plus,https://github.com/t9md/atom-vim-mode-plus,85600
MagicStack,MagicPython,https://github.com/MagicStack/MagicPython,85600
atom,apm,https://github.com/atom/apm,85600
file-icons,atom,https://github.com/file-icons/atom,85600
kettanaito,atomic-layout,https://github.com/kettanaito/atomic-layout,85600
atom,github,https://github.com/atom/github,85600
fwcd,kotlin-language-server,https://github.com/fwcd/kotlin-language-server,85600
