user_name,Repo_name,Repo_URL,Repo_stars
sindresorhus,awesome,https://github.com/sindresorhus/awesome,85600
vinta,awesome-python,https://github.com/vinta/awesome-python,85600
awesome-selfhosted,awesome-selfhosted,https://github.com/awesome-selfhosted/awesome-selfhosted,85600
avelino,awesome-go,https://github.com/avelino/awesome-go,85600
trimstray,the-book-of-secret-knowledge,https://github.com/trimstray/the-book-of-secret-knowledge,85600
papers-we-love,papers-we-love,https://github.com/papers-we-love/papers-we-love,85600
521xueweihan,HelloGitHub,https://github.com/521xueweihan/HelloGitHub,85600
Hack-with-Github,Awesome-Hacking,https://github.com/Hack-with-Github/Awesome-Hacking,85600
jaywcjlove,awesome-mac,https://github.com/jaywcjlove/awesome-mac,85600
DopplerHQ,awesome-interview-questions,https://github.com/DopplerHQ/awesome-interview-questions,85600
sindresorhus,awesome-nodejs,https://github.com/sindresorhus/awesome-nodejs,85600
wasabeef,awesome-android-ui,https://github.com/wasabeef/awesome-android-ui,85600
MunGell,awesome-for-beginners,https://github.com/MunGell/awesome-for-beginners,85600
Solido,awesome-flutter,https://github.com/Solido/awesome-flutter,85600
prakhar1989,awesome-courses,https://github.com/prakhar1989/awesome-courses,85600
binhnguyennus,awesome-scalability,https://github.com/binhnguyennus/awesome-scalability,85600
vsouza,awesome-ios,https://github.com/vsouza/awesome-ios,85600
fffaraz,awesome-cpp,https://github.com/fffaraz/awesome-cpp,85600
tiimgreen,github-cheat-sheet,https://github.com/tiimgreen/github-cheat-sheet,85600
dypsilon,frontend-dev-bookmarks,https://github.com/dypsilon/frontend-dev-bookmarks,85600
