user_name,Repo_name,Repo_URL,Repo_stars
bregman-arie,devops-exercises,https://github.com/bregman-arie/devops-exercises,85600
microsoft,recommenders,https://github.com/microsoft/recommenders,85600
pulumi,pulumi,https://github.com/pulumi/pulumi,85600
ramitsurana,awesome-kubernetes,https://github.com/ramitsurana/awesome-kubernetes,85600
Azure,azure-quickstart-templates,https://github.com/Azure/azure-quickstart-templates,85600
mozilla,sops,https://github.com/mozilla/sops,85600
caprover,caprover,https://github.com/caprover/caprover,85600
microsoft,computervision-recipes,https://github.com/microsoft/computervision-recipes,85600
google,go-cloud,https://github.com/google/go-cloud,85600
infracost,infracost,https://github.com/infracost/infracost,85600
microsoft,azuredatastudio,https://github.com/microsoft/azuredatastudio,85600
node-formidable,formidable,https://github.com/node-formidable/formidable,85600
midwayjs,midway,https://github.com/midwayjs/midway,85600
thangchung,clean-code-dotnet,https://github.com/thangchung/clean-code-dotnet,85600
aquasecurity,tfsec,https://github.com/aquasecurity/tfsec,85600
budtmo,docker-android,https://github.com/budtmo/docker-android,85600
bridgecrewio,checkov,https://github.com/bridgecrewio/checkov,85600
nccgroup,ScoutSuite,https://github.com/nccgroup/ScoutSuite,85600
cloud-custodian,cloud-custodian,https://github.com/cloud-custodian/cloud-custodian,85600
Azure,azure-sdk-for-net,https://github.com/Azure/azure-sdk-for-net,85600
