user_name,Repo_name,Repo_URL,Repo_stars
babel,babel,https://github.com/babel/babel,85600
nylas,nylas-mail,https://github.com/nylas/nylas-mail,85600
swc-project,swc,https://github.com/swc-project/swc,85600
kriasoft,react-starter-kit,https://github.com/kriasoft/react-starter-kit,85600
electron-react-boilerplate,electron-react-boilerplate,https://github.com/electron-react-boilerplate/electron-react-boilerplate,85600
avajs,ava,https://github.com/avajs/ava,85600
SimulatedGREG,electron-vue,https://github.com/SimulatedGREG/electron-vue,85600
grab,front-end-guide,https://github.com/grab/front-end-guide,85600
jamiebuilds,babel-handbook,https://github.com/jamiebuilds/babel-handbook,85600
grommet,grommet,https://github.com/grommet/grommet,85600
developit,htm,https://github.com/developit/htm,85600
ben-rogerson,twin.macro,https://github.com/ben-rogerson/twin.macro,85600
angular-fullstack,generator-angular-fullstack,https://github.com/angular-fullstack/generator-angular-fullstack,85600
documentationjs,documentation,https://github.com/documentationjs/documentation,85600
insin,nwb,https://github.com/insin/nwb,85600
thinkjs,thinkjs,https://github.com/thinkjs/thinkjs,85600
egoist,poi,https://github.com/egoist/poi,85600
fkling,astexplorer,https://github.com/fkling/astexplorer,85600
transitive-bullshit,create-react-library,https://github.com/transitive-bullshit/create-react-library,85600
babel,babel-loader,https://github.com/babel/babel-loader,85600
