user_name,Repo_name,Repo_URL,Repo_stars
jlevy,the-art-of-command-line,https://github.com/jlevy/the-art-of-command-line,85600
nvm-sh,nvm,https://github.com/nvm-sh/nvm,85600
junegunn,fzf,https://github.com/junegunn/fzf,85600
google,zx,https://github.com/google/zx,85600
dylanaraps,pure-bash-bible,https://github.com/dylanaraps/pure-bash-bible,85600
LeCoupa,awesome-cheatsheets,https://github.com/LeCoupa/awesome-cheatsheets,85600
koalaman,shellcheck,https://github.com/koalaman/shellcheck,85600
starship,starship,https://github.com/starship/starship,85600
mathiasbynens,dotfiles,https://github.com/mathiasbynens/dotfiles,85600
acmesh-official,acme.sh,https://github.com/acmesh-official/acme.sh,85600
alebcay,awesome-shell,https://github.com/alebcay/awesome-shell,85600
withfig,autocomplete,https://github.com/withfig/autocomplete,85600
jaywcjlove,linux-command,https://github.com/jaywcjlove/linux-command,85600
dylanaraps,neofetch,https://github.com/dylanaraps/neofetch,85600
Nyr,openvpn-install,https://github.com/Nyr/openvpn-install,85600
rbenv,rbenv,https://github.com/rbenv/rbenv,85600
powerline,powerline,https://github.com/powerline/powerline,85600
shelljs,shelljs,https://github.com/shelljs/shelljs,85600
Bash-it,bash-it,https://github.com/Bash-it/bash-it,85600
faressoft,terminalizer,https://github.com/faressoft/terminalizer,85600
