user_name,Repo_name,Repo_URL,Repo_stars
bitcoin,bitcoin,https://github.com/bitcoin/bitcoin,85600
ccxt,ccxt,https://github.com/ccxt/ccxt,85600
freqtrade,freqtrade,https://github.com/freqtrade/freqtrade,85600
HelloZeroNet,ZeroNet,https://github.com/HelloZeroNet/ZeroNet,85600
askmike,gekko,https://github.com/askmike/gekko,85600
solana-labs,solana,https://github.com/solana-labs/solana,85600
bbfamily,abu,https://github.com/bbfamily/abu,85600
lbryio,lbry-sdk,https://github.com/lbryio/lbry-sdk,85600
dvf,blockchain,https://github.com/dvf/blockchain,85600
lightningnetwork,lnd,https://github.com/lightningnetwork/lnd,85600
yeasy,blockchain_guide,https://github.com/yeasy/blockchain_guide,85600
spesmilo,electrum,https://github.com/spesmilo/electrum,85600
butor,blackbird,https://github.com/butor/blackbird,85600
btcsuite,btcd,https://github.com/btcsuite/btcd,85600
bitcoinjs,bitcoinjs-lib,https://github.com/bitcoinjs/bitcoinjs-lib,85600
bitcoinj,bitcoinj,https://github.com/bitcoinj/bitcoinj,85600
jesse-ai,jesse,https://github.com/jesse-ai/jesse,85600
CryptoSignal,Crypto-Signal,https://github.com/CryptoSignal/Crypto-Signal,85600
bisq-network,bisq,https://github.com/bisq-network/bisq,85600
coinpride,CryptoList,https://github.com/coinpride/CryptoList,85600
