user_name,Repo_name,Repo_URL,Repo_stars
twbs,bootstrap,https://github.com/twbs/bootstrap,85600
ColorlibHQ,AdminLTE,https://github.com/ColorlibHQ/AdminLTE,85600
tabler,tabler,https://github.com/tabler/tabler,85600
mdbootstrap,mdb-ui-kit,https://github.com/mdbootstrap/mdb-ui-kit,85600
react-bootstrap,react-bootstrap,https://github.com/react-bootstrap/react-bootstrap,85600
ColorlibHQ,gentelella,https://github.com/ColorlibHQ/gentelella,85600
verekia,js-stack-from-scratch,https://github.com/verekia/js-stack-from-scratch,85600
bootstrap-vue,bootstrap-vue,https://github.com/bootstrap-vue/bootstrap-vue,85600
thomaspark,bootswatch,https://github.com/thomaspark/bootswatch,85600
uxsolutions,bootstrap-datepicker,https://github.com/uxsolutions/bootstrap-datepicker,85600
coreui,coreui-free-bootstrap-admin-template,https://github.com/coreui/coreui-free-bootstrap-admin-template,85600
wenzhixin,bootstrap-table,https://github.com/wenzhixin/bootstrap-table,85600
reactstrap,reactstrap,https://github.com/reactstrap/reactstrap,85600
Templarian,MaterialDesign,https://github.com/Templarian/MaterialDesign,85600
snapappointments,bootstrap-select,https://github.com/snapappointments/bootstrap-select,85600
mdbootstrap,material-design-for-bootstrap,https://github.com/mdbootstrap/material-design-for-bootstrap,85600
StartBootstrap,startbootstrap-sb-admin-2,https://github.com/StartBootstrap/startbootstrap-sb-admin-2,85600
ng-bootstrap,ng-bootstrap,https://github.com/ng-bootstrap/ng-bootstrap,85600
BlackrockDigital,startbootstrap,https://github.com/BlackrockDigital/startbootstrap,85600
olton,Metro-UI-CSS,https://github.com/olton/Metro-UI-CSS,85600
