user_name,Repo_name,Repo_URL,Repo_stars
ccxt,ccxt,https://github.com/ccxt/ccxt,85600
discordjs,discord.js,https://github.com/discordjs/discord.js,85600
python-telegram-bot,python-telegram-bot,https://github.com/python-telegram-bot/python-telegram-bot,85600
hubotio,hubot,https://github.com/hubotio/hubot,85600
RasaHQ,rasa,https://github.com/RasaHQ/rasa,85600
InstaPy,InstaPy,https://github.com/InstaPy/InstaPy,85600
wechaty,wechaty,https://github.com/wechaty/wechaty,85600
gunthercox,ChatterBot,https://github.com/gunthercox/ChatterBot,85600
tgbot-collection,YYeTsBot,https://github.com/tgbot-collection/YYeTsBot,85600
Rapptz,discord.py,https://github.com/Rapptz/discord.py,85600
leon-ai,leon,https://github.com/leon-ai/leon,85600
howdyai,botkit,https://github.com/howdyai/botkit,85600
botpress,botpress,https://github.com/botpress/botpress,85600
sfyc23,EverydayWechat,https://github.com/sfyc23/EverydayWechat,85600
pedroslopez,whatsapp-web.js,https://github.com/pedroslopez/whatsapp-web.js,85600
microsoft,ailab,https://github.com/microsoft/ailab,85600
microsoft,botframework-sdk,https://github.com/microsoft/botframework-sdk,85600
EZFNDEV,EZFN-Lobbybot,https://github.com/EZFNDEV/EZFN-Lobbybot,85600
yagop,node-telegram-bot-api,https://github.com/yagop/node-telegram-bot-api,85600
maxbbraun,trump2cash,https://github.com/maxbbraun/trump2cash,85600
