user_name,Repo_name,Repo_URL,Repo_stars
CyC2018,CS-Notes,https://github.com/CyC2018/CS-Notes,85600
practical-tutorials,project-based-learning,https://github.com/practical-tutorials/project-based-learning,85600
azl397985856,leetcode,https://github.com/azl397985856/leetcode,85600
fffaraz,awesome-cpp,https://github.com/fffaraz/awesome-cpp,85600
x64dbg,x64dbg,https://github.com/x64dbg/x64dbg,85600
youngyangyang04,leetcode-master,https://github.com/youngyangyang04/leetcode-master,85600
carbon-language,carbon-lang,https://github.com/carbon-language/carbon-lang,85600
huihut,interview,https://github.com/huihut/interview,85600
microsoft,calculator,https://github.com/microsoft/calculator,85600
CMU-Perceptual-Computing-Lab,openpose,https://github.com/CMU-Perceptual-Computing-Lab/openpose,85600
yuzu-emu,yuzu,https://github.com/yuzu-emu/yuzu,85600
TheAlgorithms,C-Plus-Plus,https://github.com/TheAlgorithms/C-Plus-Plus,85600
changkun,modern-cpp-tutorial,https://github.com/changkun/modern-cpp-tutorial,85600
ethereum,solidity,https://github.com/ethereum/solidity,85600
doocs,leetcode,https://github.com/doocs/leetcode,85600
microsoft,vcpkg,https://github.com/microsoft/vcpkg,85600
gabime,spdlog,https://github.com/gabime/spdlog,85600
catchorg,Catch2,https://github.com/catchorg/Catch2,85600
AnthonyCalandra,modern-cpp-features,https://github.com/AnthonyCalandra/modern-cpp-features,85600
ssloy,tinyrenderer,https://github.com/ssloy/tinyrenderer,85600
