user_name,Repo_name,Repo_URL,Repo_stars
Genymobile,scrcpy,https://github.com/Genymobile/scrcpy,85600
neovim,neovim,https://github.com/neovim/neovim,85600
git,git,https://github.com/git/git,85600
obsproject,obs-studio,https://github.com/obsproject/obs-studio,85600
fffaraz,awesome-cpp,https://github.com/fffaraz/awesome-cpp,85600
serhii-londar,open-source-mac-os-apps,https://github.com/serhii-londar/open-source-mac-os-apps,85600
FFmpeg,FFmpeg,https://github.com/FFmpeg/FFmpeg,85600
vim,vim,https://github.com/vim/vim,85600
curl,curl,https://github.com/curl/curl,85600
huihut,interview,https://github.com/huihut/interview,85600
ggreer,the_silver_searcher,https://github.com/ggreer/the_silver_searcher,85600
pbatard,rufus,https://github.com/pbatard/rufus,85600
mpv-player,mpv,https://github.com/mpv-player/mpv,85600
ruby,ruby,https://github.com/ruby/ruby,85600
ossrs,srs,https://github.com/ossrs/srs,85600
google,flatbuffers,https://github.com/google/flatbuffers,85600
oracle,graal,https://github.com/oracle/graal,85600
radareorg,radare2,https://github.com/radareorg/radare2,85600
microsoft,vcpkg,https://github.com/microsoft/vcpkg,85600
kovidgoyal,kitty,https://github.com/kovidgoyal/kitty,85600
