user_name,Repo_name,Repo_URL,Repo_stars
electron,electron,https://github.com/electron/electron,85600
puppeteer,puppeteer,https://github.com/puppeteer/puppeteer,85600
microsoft,playwright,https://github.com/microsoft/playwright,85600
FiloSottile,mkcert,https://github.com/FiloSottile/mkcert,85600
iamadamdev,bypass-paywalls-chrome,https://github.com/iamadamdev/bypass-paywalls-chrome,85600
ovity,octotree,https://github.com/ovity/octotree,85600
jaywcjlove,linux-command,https://github.com/jaywcjlove/linux-command,85600
segmentio,nightmare,https://github.com/segmentio/nightmare,85600
checkly,headless-recorder,https://github.com/checkly/headless-recorder,85600
google,WebFundamentals,https://github.com/google/WebFundamentals,85600
prisma-archive,chromeless,https://github.com/prisma-archive/chromeless,85600
casesandberg,react-color,https://github.com/casesandberg/react-color,85600
GoogleChrome,chrome-extensions-samples,https://github.com/GoogleChrome/chrome-extensions-samples,85600
crimx,ext-saladict,https://github.com/crimx/ext-saladict,85600
gildas-lormeau,SingleFile,https://github.com/gildas-lormeau/SingleFile,85600
MetaMask,metamask-extension,https://github.com/MetaMask/metamask-extension,85600
chromedp,chromedp,https://github.com/chromedp/chromedp,85600
uBlock-LLC,uBlock,https://github.com/uBlock-LLC/uBlock,85600
alvarcarto,url-to-pdf-api,https://github.com/alvarcarto/url-to-pdf-api,85600
Kenshin,simpread,https://github.com/Kenshin/simpread,85600
