user_name,Repo_name,Repo_URL,Repo_stars
iamadamdev,bypass-paywalls-chrome,https://github.com/iamadamdev/bypass-paywalls-chrome,85600
jaywcjlove,linux-command,https://github.com/jaywcjlove/linux-command,85600
refined-github,refined-github,https://github.com/refined-github/refined-github,85600
darkreader,darkreader,https://github.com/darkreader/darkreader,85600
checkly,headless-recorder,https://github.com/checkly/headless-recorder,85600
unbug,codelf,https://github.com/unbug/codelf,85600
Anarios,return-youtube-dislike,https://github.com/Anarios/return-youtube-dislike,85600
crimx,ext-saladict,https://github.com/crimx/ext-saladict,85600
gildas-lormeau,SingleFile,https://github.com/gildas-lormeau/SingleFile,85600
listen1,listen1_chrome_extension,https://github.com/listen1/listen1_chrome_extension,85600
dailydotdev,daily,https://github.com/dailydotdev/daily,85600
appbaseio,dejavu,https://github.com/appbaseio/dejavu,85600
alyssaxuu,screenity,https://github.com/alyssaxuu/screenity,85600
Kenshin,simpread,https://github.com/Kenshin/simpread,85600
ajayyy,SponsorBlock,https://github.com/ajayyy/SponsorBlock,85600
AutomaApp,automa,https://github.com/AutomaApp/automa,85600
alyssaxuu,omni,https://github.com/alyssaxuu/omni,85600
dessant,buster,https://github.com/dessant/buster,85600
manojVivek,medium-unlimited,https://github.com/manojVivek/medium-unlimited,85600
webclipper,web-clipper,https://github.com/webclipper/web-clipper,85600
