user_name,Repo_name,Repo_URL,Repo_stars
metabase,metabase,https://github.com/metabase/metabase,85600
logseq,logseq,https://github.com/logseq/logseq,85600
penpot,penpot,https://github.com/penpot/penpot,85600
deeplearning4j,deeplearning4j,https://github.com/deeplearning4j/deeplearning4j,85600
LightTable,LightTable,https://github.com/LightTable/LightTable,85600
kanaka,mal,https://github.com/kanaka/mal,85600
lk-geimfari,awesomo,https://github.com/lk-geimfari/awesomo,85600
tonsky,datascript,https://github.com/tonsky/datascript,85600
reagent-project,reagent,https://github.com/reagent-project/reagent,85600
riemann,riemann,https://github.com/riemann/riemann,85600
weavejester,compojure,https://github.com/weavejester/compojure,85600
bbatsov,clojure-style-guide,https://github.com/bbatsov/clojure-style-guide,85600
izhangzhihao,intellij-rainbow-brackets,https://github.com/izhangzhihao/intellij-rainbow-brackets,85600
status-im,status-mobile,https://github.com/status-im/status-mobile,85600
ring-clojure,ring,https://github.com/ring-clojure/ring,85600
clojure-emacs,cider,https://github.com/clojure-emacs/cider,85600
viebel,klipse,https://github.com/viebel/klipse,85600
babashka,babashka,https://github.com/babashka/babashka,85600
tallesl,Rich-Hickey-fanclub,https://github.com/tallesl/Rich-Hickey-fanclub,85600
bhauman,lein-figwheel,https://github.com/bhauman/lein-figwheel,85600
