user_name,Repo_name,Repo_URL,Repo_stars
realm,SwiftLint,https://github.com/realm/SwiftLint,85600
facebook,infer,https://github.com/facebook/infer,85600
analysis-tools-dev,static-analysis,https://github.com/analysis-tools-dev/static-analysis,85600
Kristories,awesome-guidelines,https://github.com/Kristories/awesome-guidelines,85600
checkstyle,checkstyle,https://github.com/checkstyle/checkstyle,85600
SonarSource,sonarqube,https://github.com/SonarSource/sonarqube,85600
facebook,pyre-check,https://github.com/facebook/pyre-check,85600
reviewdog,reviewdog,https://github.com/reviewdog/reviewdog,85600
detekt,detekt,https://github.com/detekt/detekt,85600
simplecov-ruby,simplecov,https://github.com/simplecov-ruby/simplecov,85600
import-js,eslint-plugin-import,https://github.com/import-js/eslint-plugin-import,85600
PyCQA,pylint,https://github.com/PyCQA/pylint,85600
pmd,pmd,https://github.com/pmd/pmd,85600
phpro,grumphp,https://github.com/phpro/grumphp,85600
trekhleb,state-of-the-art-shitcode,https://github.com/trekhleb/state-of-the-art-shitcode,85600
htmlhint,HTMLHint,https://github.com/htmlhint/HTMLHint,85600
kucherenko,jscpd,https://github.com/kucherenko/jscpd,85600
codeclimate,codeclimate,https://github.com/codeclimate/codeclimate,85600
wemake-services,wemake-python-styleguide,https://github.com/wemake-services/wemake-python-styleguide,85600
uber,piranha,https://github.com/uber/piranha,85600
