user_name,Repo_name,Repo_URL,Repo_stars
ovity,octotree,https://github.com/ovity/octotree,85600
gitpod-io,gitpod,https://github.com/gitpod-io/gitpod,85600
reviewdog,reviewdog,https://github.com/reviewdog/reviewdog,85600
danger,danger,https://github.com/danger/danger,85600
danger,danger-js,https://github.com/danger/danger-js,85600
joho,awesome-code-review,https://github.com/joho/awesome-code-review,85600
ajinabraham,nodejsscan,https://github.com/ajinabraham/nodejsscan,85600
microsoft,vscode-pull-request-github,https://github.com/microsoft/vscode-pull-request-github,85600
houndci,hound,https://github.com/houndci/hound,85600
mbj,mutant,https://github.com/mbj/mutant,85600
crev-dev,cargo-crev,https://github.com/crev-dev/cargo-crev,85600
reviewboard,reviewboard,https://github.com/reviewboard/reviewboard,85600
Tencent,CodeAnalysis,https://github.com/Tencent/CodeAnalysis,85600
ryanmcdermott,code-review-tips,https://github.com/ryanmcdermott/code-review-tips,85600
bit4woo,python_sec,https://github.com/bit4woo/python_sec,85600
code-review-checklists,java-concurrency,https://github.com/code-review-checklists/java-concurrency,85600
jiangsir404,Audit-Learning,https://github.com/jiangsir404/Audit-Learning,850
TeamCodeStream,codestream,https://github.com/TeamCodeStream/codestream,827
enlightn,enlightn,https://github.com/enlightn/enlightn,695
palantir,policy-bot,https://github.com/palantir/policy-bot,531
