user_name,Repo_name,Repo_URL,Repo_stars
ohmyzsh,ohmyzsh,https://github.com/ohmyzsh/ohmyzsh,85600
junegunn,fzf,https://github.com/junegunn/fzf,85600
sharkdp,bat,https://github.com/sharkdp/bat,85600
sherlock-project,sherlock,https://github.com/sherlock-project/sherlock,85600
google,zx,https://github.com/google/zx,85600
wagoodman,dive,https://github.com/wagoodman/dive,85600
BurntSushi,ripgrep,https://github.com/BurntSushi/ripgrep,85600
chubin,cheat.sh,https://github.com/chubin/cheat.sh,85600
cli,cli,https://github.com/cli/cli,85600
jesseduffield,lazygit,https://github.com/jesseduffield/lazygit,85600
spf13,cobra,https://github.com/spf13/cobra,85600
angular,angular-cli,https://github.com/angular/angular-cli,85600
n8n-io,n8n,https://github.com/n8n-io/n8n,85600
alebcay,awesome-shell,https://github.com/alebcay/awesome-shell,85600
sharkdp,fd,https://github.com/sharkdp/fd,85600
ibraheemdev,modern-unix,https://github.com/ibraheemdev/modern-unix,85600
httpie,httpie,https://github.com/httpie/httpie,85600
google,python-fire,https://github.com/google/python-fire,85600
tqdm,tqdm,https://github.com/tqdm/tqdm,85600
vercel,pkg,https://github.com/vercel/pkg,85600
