user_name,Repo_name,Repo_URL,Repo_stars
vercel,next.js,https://github.com/vercel/next.js,85600
rust-lang,rust,https://github.com/rust-lang/rust,85600
sveltejs,svelte,https://github.com/sveltejs/svelte,85600
webpack,webpack,https://github.com/webpack/webpack,85600
gatsbyjs,gatsby,https://github.com/gatsbyjs/gatsby,85600
JetBrains,kotlin,https://github.com/JetBrains/kotlin,85600
babel,babel,https://github.com/babel/babel,85600
parcel-bundler,parcel,https://github.com/parcel-bundler/parcel,85600
evanw,esbuild,https://github.com/evanw/esbuild,85600
vlang,v,https://github.com/vlang/v,85600
markedjs,marked,https://github.com/markedjs/marked,85600
carbon-language,carbon-lang,https://github.com/carbon-language/carbon-lang,85600
swc-project,swc,https://github.com/swc-project/swc,85600
vercel,pkg,https://github.com/vercel/pkg,85600
v8,v8,https://github.com/v8/v8,85600
ziglang,zig,https://github.com/ziglang/zig,85600
AssemblyScript,assemblyscript,https://github.com/AssemblyScript/assemblyscript,85600
nim-lang,Nim,https://github.com/nim-lang/Nim,85600
Konloch,bytecode-viewer,https://github.com/Konloch/bytecode-viewer,85600
RustPython,RustPython,https://github.com/RustPython/RustPython,85600
