user_name,Repo_name,Repo_URL,Repo_stars
localstack,localstack,https://github.com/localstack/localstack,85600
harness,drone,https://github.com/harness/drone,85600
jenkinsci,jenkins,https://github.com/jenkinsci/jenkins,85600
auchenberg,volkswagen,https://github.com/auchenberg/volkswagen,85600
theonedev,onedev,https://github.com/theonedev/onedev,85600
openshift,origin,https://github.com/openshift/origin,85600
gocd,gocd,https://github.com/gocd/gocd,85600
concourse,concourse,https://github.com/concourse/concourse,85600
buildbot,buildbot,https://github.com/buildbot/buildbot,85600
gaia-pipeline,gaia,https://github.com/gaia-pipeline/gaia,85600
Strider-CD,strider,https://github.com/Strider-CD/strider,85600
jenkins-x,jx,https://github.com/jenkins-x/jx,85600
ovh,cds,https://github.com/ovh/cds,85600
xcpretty,xcpretty,https://github.com/xcpretty/xcpretty,85600
hygieia,hygieia,https://github.com/hygieia/hygieia,85600
iterative,cml,https://github.com/iterative/cml,85600
cake-build,cake,https://github.com/cake-build/cake,85600
werf,werf,https://github.com/werf/werf,85600
JamesIves,github-pages-deploy-action,https://github.com/JamesIves/github-pages-deploy-action,85600
ligurio,awesome-ci,https://github.com/ligurio/awesome-ci,85600
