user_name,Repo_name,Repo_URL,Repo_stars
CSSEGISandData,COVID-19,https://github.com/CSSEGISandData/COVID-19,85600
covid19india,covid19india-react,https://github.com/covid19india/covid19india-react,85600
nytimes,covid-19-data,https://github.com/nytimes/covid-19-data,85600
tokyo-metropolitan-gov,covid19,https://github.com/tokyo-metropolitan-gov/covid19,85600
owid,covid-19-data,https://github.com/owid/covid-19-data,85600
pcm-dpc,COVID-19,https://github.com/pcm-dpc/COVID-19,85600
ieee8023,covid-chestxray-dataset,https://github.com/ieee8023/covid-chestxray-dataset,85600
disease-sh,API,https://github.com/disease-sh/API,85600
geohot,corona,https://github.com/geohot/corona,85600
WorldHealthOrganization,app,https://github.com/WorldHealthOrganization/app,85600
corona-warn-app,cwa-server,https://github.com/corona-warn-app/cwa-server,85600
ahmadawais,corona-cli,https://github.com/ahmadawais/corona-cli,85600
github,covid19-dashboard,https://github.com/github/covid19-dashboard,85600
ExpDev07,coronavirus-tracker-api,https://github.com/ExpDev07/coronavirus-tracker-api,85600
soroushchehresa,awesome-coronavirus,https://github.com/soroushchehresa/awesome-coronavirus,85600
mhdhejazi,CoronaTracker,https://github.com/mhdhejazi/CoronaTracker,85600
neherlab,covid19_scenarios,https://github.com/neherlab/covid19_scenarios,85600
chandrikadeb7,Face-Mask-Detection,https://github.com/chandrikadeb7/Face-Mask-Detection,85600
pomber,covid19,https://github.com/pomber/covid19,85600
covidpass-org,covidpass,https://github.com/covidpass-org/covidpass,85600
